num_processes,total_time,cpu_time,min_block_time,max_block_time,throughput_MB_s
15,0.016039,0.078538,0.000020,0.010780,119.18
15,0.014547,0.085971,0.000025,0.009269,131.40
10,0.006591,0.025446,0.000019,0.001351,290.02
8,0.006050,0.027195,0.000022,0.001218,315.95
8,0.004812,0.020057,0.000021,0.000323,397.24
10,0.008025,0.039367,0.000020,0.003138,238.19
10,0.005192,0.022150,0.000019,0.000399,368.16
