num_processes,total_time,cpu_time,min_block_time,max_block_time,throughput_MB_s
1,0.017611,0.0126,0.000012,0.003932,109.81
2,0.007242,0.00891,0.000014,0.000165,267.03
4,0.004532,0.010935,0.000024,0.000125,426.71
6,0.003471,0.011522,0.000017,0.000119,557.14
8,0.004561,0.017564,0.000024,0.000916,423.99
10,0.004823,0.020751,0.000015,0.000883,400.96
15,0.004604,0.016998,0.000024,0.000419,420.03
