num_processes,total_time,cpu_time,min_block_time,max_block_time,throughput_MB_s
1,0.012689,0.010585,0.000045,0.005271,54.63
2,0.004472,0.006212,0.000048,0.000133,155.00
4,0.002755,0.006914,0.000044,0.000160,251.60
6,0.002189,0.006877,0.000033,0.000178,316.66
8,0.002338,0.008754,0.000048,0.000228,296.48
10,0.002094,0.008397,0.000043,0.000259,331.02
15,0.002746,0.010061,0.000060,0.000255,252.43
