num_processes,total_time,cpu_time,min_block_time,max_block_time,throughput_MB_s
1,0.023308,0.017954,0.000003,0.001219,89.52
2,0.012698,0.018871,0.000003,0.00045,164.33
4,0.012136,0.040668,0.000003,0.003998,171.94
6,0.007931,0.034691,0.000003,0.000405,263.1
8,0.009726,0.063949,0.000006,0.002347,214.54
10,0.01087,0.08416,0.000006,0.003566,191.96
15,0.007907,0.06133,0.000005,0.001136,263.9
