num_processes,total_time,cpu_time,min_block_time,max_block_time,throughput_MB_s
1,0.024354,0.015506,0.000002,0.001399,128.97
2,0.011942,0.014204,0.000002,0.00011,263.02
4,0.00837,0.020189,0.000002,0.000956,375.27
6,0.007441,0.026991,0.000001,0.000888,422.13
8,0.006158,0.024049,0.000002,0.000183,510.07
10,0.006343,0.024474,0.000004,0.000226,495.2
15,0.007974,0.030582,0.000003,0.000949,393.91
