num_processes,total_time,cpu_time,min_block_time,max_block_time,throughput_MB_s
1,0.013242,0.008146,0.000013,0.000103,144.35
2,0.006687,0.008025,0.000017,0.000099,285.85
4,0.004267,0.009672,0.000020,0.000167,447.98
6,0.004575,0.015050,0.000016,0.000569,417.82
8,0.003819,0.013854,0.000019,0.000182,500.53
10,0.003714,0.013074,0.000020,0.000245,514.68
15,0.004136,0.013663,0.000019,0.000220,462.16
